id,Date&Time,text
1874367661356048864,2025-01-01T08:10:49.000Z,LLOYDS METALS AND ENERGY: CO DRI PRODUCTION UP 22% YOY TO 238K TONNES IN 9MFY25
1874826395991654867,2025-01-02T14:33:40.000Z,"Top Stories at this hour 

To access all download the app today 

Android: https://play.google.com/store/apps/details?id=com.RedboxGlobal.India&pcampaignid=web_share…

Apple: https://apps.apple.com/in/app/redboxglobal-india/id6450499781…"
1874726169754714389,2025-01-02T07:55:24.000Z,"TVS MOTOR: DECEMBER TOTAL 3,21,687 SALES UNITS VS  EST 3,35,300

MISSES ESTIMATES"
1874425822658101426,2025-01-01T12:01:55.000Z,TATA MOTORS: CO EXPECT DEMAND TO IMPROVE IN Q4 FY25 ACROSS MOST SEGMENTS OF THE CV INDUSTRY
1874753478763118702,2025-01-02T09:43:55.000Z,AUSTRALIAN PREMIUM SOLAR (INDIA): CO WINS ORDER WORTH 13CR RUPEES || MCAP: 1044CR - SME
1874732090320953349,2025-01-02T08:18:55.000Z,ADANI GREEN: NO ACTION TILL CONCRETE PROOF SAYS CHANDRABABU NAIDU - NDTV PROFIT
1874664210296373379,2025-01-02T03:49:11.000Z,"*PETRONET LNG - VERY NEGATIVE MOVE FROM REGULATOR*
PNGRB SAYS -
Petroleum and Natural Gas Regulatory Board (PNGRB) REGULATOR HAS MADE VERY SHARP COMMENTS
PNGRGB SAYS - *Rising charges while capacities have increased along with over 90% capacity utilization has led to the company"
1874455301275242525,2025-01-01T13:59:04.000Z,"SOUTH INDIAN BANK: 

BANK DEC GROSS ADVANCES SEEN AT 869.7B VS 776.9B (YOY)

BANK DEC TOTAL DEPOSIT SEEN AT 1.05T VS 991.55B (YOY)"
1874393489628377096,2025-01-01T09:53:27.000Z,GRAVITA: CO STARTS ALUMINUM RECYCLING IN GHANA || CO PLANS TO INCREASE GHANA PLANT CAPACITY TO 8000 MTPA
1874697002484912614,2025-01-02T05:59:30.000Z,"EICHER MOTORS (MOTORCYCLE): DECEMBER TOTAL SALES 79,466 UNITS VS 63,387 UNITS (YOY); EST 76,060"
1874394188806275454,2025-01-01T09:56:13.000Z,VST TILLERS POWER (TRACTORS) : DECEMBER TOTAL SALES 365 UNITS VS 395 UNITS (YOY)
1874663118091211161,2025-01-02T03:44:51.000Z,GNFC: INITIATION OF SUNSET REVIEW ANTI-DUMPING INVESTIGATION ON IMPORTS OF ‘TOLUENE DI-ISOCYANATE’ (TDI) ORIGINATING IN OR EXPORTED FROM EUROPEAN UNION AND SAUDI ARABIA
1874425786377371828,2025-01-01T12:01:47.000Z,"TATA MOTORS: DECEMBER TOTAL SALES 78,164 UNITS VS 77,855 UNITS (YOY); EST 70,000"
1874630782557569124,2025-01-02T01:36:22.000Z,"MARUTI SUZUKI: CO'S DEC 2024 TOTAL PRODUCTION VOLUME REACHED 157,654 UNITS, MARKING A 30% YOY GROWTH COMPARED TO 121,028 UNITS IN DEC 2023"
1874822247673909359,2025-01-02T14:17:11.000Z,"V2 RETAIL: Q3 FY25 REVENUE AT 5.91 BILLION RUPEES, 58% YOY GROWTH || Q3 FY25 SAME STORE SALES GROWTH OF 25%"
1874750351993340407,2025-01-02T09:31:29.000Z,"JTL INDUSTRIES: CO SAYS RECORDS HIGHEST EVER 9M SALES VOLUME AT 297,082 MT, 14.3% UP (YOY)"
1874733481600893412,2025-01-02T08:24:27.000Z,"OLA, SERVOTECH IN FOCUS 

COMMERCE MINISTER PIYUSH GOYAL TO MEET EV PLAYERS ON JAN 3 || DISCUSSIONS TO INCREASE FOCUS ON EV CHARGING INFRASTRUCTURE"
1874728690527195444,2025-01-02T08:05:25.000Z,PUNJAB NATIONAL BANK: CO GLOBAL BUSINESS GROWTH IS 15% (YOY) || DOMESTIC BUSINESS GROWTH IS 14% || DOMESTIC DEPOSITS IS 14.75T
1874443288620728738,2025-01-01T13:11:20.000Z,GODAWARI POWER AND ISPAT: CO INFORMS ABOUT COMPLETION OF ACQUISITION OF 51% STAKE IN JAMMU PIGMENTS || INDUSTRY TO WHICH THE ENTITY BEING ACQUIRED BELONGS TO RECYCLING OF NON-FERROUS METALS WASTE & SCRAP
1874394058115989874,2025-01-01T09:55:42.000Z,"VST TILLERS POWER (TILLERS): DECEMBER TOTAL SALES 3007 UNITS VS 2,039 UNITS (YOY)"
1874374705446277222,2025-01-01T08:38:48.000Z,"JUPITER LIFE LINE HOSPITALS: CO EXPANDS WITH 78 ADDITIONAL BEDS, BRINGING TOTAL CAPACITY TO 1,061 BEDS"
1874754906512670908,2025-01-02T09:49:35.000Z,"DIVI’S LAB: CO SAYS COMMENCEMENT OF COMMERCIAL OPERATIONS AT UNIT III GREENFIELD PROJECT AT KAKINADA, ANDHRA PRADESH"
1874710468906148215,2025-01-02T06:53:00.000Z,"HYUNDAI MOTOR INDIA: CO REVEALS THE MUCH ANTICIPATED HYUNDAI CRETA ELECTRIC

#CRETAEV"
1874663035052409270,2025-01-02T03:44:31.000Z,CENTURY ENKA: ANTI-DUMPING INVESTIGATION CONCERNING IMPORTS OF NYLON FILAMENT YARN ORIGINATING IN OR EXPORTED FROM CHINA PR AND VIETNAM
1874676192726634911,2025-01-02T04:36:48.000Z,MAN INFRA: CO WINS AGRI PROCESSING AND STORAGE PROJECT AT J N PORT ESTIMATED COST IS AROUND 284 CR RUPEES - ET INFRA
1874371398606762078,2025-01-01T08:25:40.000Z,"PTC INDUSTRIES: CO SAYS THIS VAR FURNACE HAS AN IMPRESSIVE ANNUAL MELTING CAPACITY OF 1,500 MT"
1874822137049194689,2025-01-02T14:16:44.000Z,NHPC: CO GETS 2.50 BILLION RUPEES PAYMENT UNDER MEGA INSURANCE POLICY ||  UPDATE ON TEESTA-V (510 MW) POWER STATION OF NHPC
1874385414464921859,2025-01-01T09:21:21.000Z,"RELIANCE POWER: CO SAYS SASAN POWER PAYS USD 150M TO IIFCL, UK || 3960 MW SASAN POWER: WORLD’S LARGEST INTEGRATED COAL-BASED POWER PLANT"
1874659064325808242,2025-01-02T03:28:45.000Z,"ASHOK LEYLAND: DECEMBER TOTAL SALES 16,957 UNITS VS 16,154 UNITS (YOY); EST 16,550"
1874371365127774472,2025-01-01T08:25:32.000Z,"PTC INDUSTRIES: CO JOINS GLOBAL ELITE WITH ADVANCED TITANIUM VAR FACILITY, PUTTING INDIA ON THE AEROSPACE MAP"
1874835712295707068,2025-01-02T15:10:41.000Z,"HERO MOTOCORP: DECEMBER TOTAL SALES 3,24,906 UNITS VS 3,93,952 UNITS (YOY); EST 3,50,500"
1874735215652032747,2025-01-02T08:31:20.000Z,"PETRONET CLARIFIES 

PETRONET LNG: CO SAYS LNG TERMINALS OR ITS TARIFF DOES NOT FALL UNDER THE PURVIEW OF PNGRB

#BREAKING"
1874659164708085897,2025-01-02T03:29:09.000Z,"HI-TECH PIPES: CO ACHIEVED EVER HIGHEST SALES VOLUME || 1,24,233 MT IN Q3FY25 GROWTH OF 26% (YOY) || 3,69,415 MT IN 9MFY25 GROWTH OF 30% (YOY)"
1874425703200141527,2025-01-01T12:01:27.000Z,RAILTEL CORP: CO RECEIVES WORK ORDER WORTH 784.3M RUPEES
1874367548713820589,2025-01-01T08:10:22.000Z,"LLOYDS METALS & ENERGY: CO SAYS HAS REPORTED ITS HIGHEST-EVER NINE MONTHS ENDED IRON ORE PRODUCTION, ACHIEVING AN IMPRESSIVE 8.6 MILLION TONNES, MARKING A 5 % YEAR-ON-YEAR (YOY) INCREASE"
1874362155904184377,2025-01-01T07:48:56.000Z,"EICHER MOTORS (CV): DECEMBER TOTAL SALES 8,324 UNITS VS 8,026 UNITS (YOY); EST 7,820"
1874677675601928532,2025-01-02T04:42:42.000Z,WAAREE ENERGIES: CO HAS RECEIVED AN ORDER FOR SUPPLY OF SOLAR MODULES FOR 150 MW || THE SUPPLY OF MODULES IS SCHEDULED TO COMMENCE IN FY 2025-26
1874363616864186580,2025-01-01T07:54:44.000Z,"ATUL AUTO: DECEMBER TOTAL SALES 2,583 UNITS VS 2,503 UNITS (YOY)"
1874360062938145226,2025-01-01T07:40:37.000Z,"APL APOLLO TUBES: CO REGISTERED THE HIGHEST EVER SALES VOLUME OF 828,200 TON VS 603,659 TON (YOY)"
1874373065473482868,2025-01-01T08:32:17.000Z,"RAJPUTANA INDUSTRIES: CO ACHIEVES PROVISIONAL SALES FIGURE OF RUPEES 403.34CR VS 217CR - SME CO

MCAP: 190 CRS"
1874371908067877037,2025-01-01T08:27:41.000Z,SHERA ENERGY: CO ACHIEVES CONSOLIDATED PROVISIONAL SALES FIGURE OF RUPEES 900.13CR || MCAP: 425CR - SME
1874360965686591705,2025-01-01T07:44:12.000Z,GOODLUCK INDIA: CO EXPECTING TO COMMENCE COMMERCIAL PRODUCTION OF  HYDRAULIC TUBES MANUFACTURING PLANT FROM THE FIRST WEEK OF JAN 2025
1874836204358889561,2025-01-02T15:12:38.000Z,"MOIL: Q3 SALES OF 388,000 TONNES, UP 13% (YOY) || Q3 PRODUCTION OF MAGANESE ORE OF 460,000 TONNES"
1874437088579576062,2025-01-01T12:46:41.000Z,FII/DII Activity
1874822208243278054,2025-01-02T14:17:01.000Z,BIOCON: CO UNIT BIOCON PHARMA RECEIVED APPROVAL FOR TACROLIMUS CAPSULE FROM CHINA AUTHORITY
1874817880203915562,2025-01-02T13:59:49.000Z,FII/DII Activity
1874747995604008963,2025-01-02T09:22:07.000Z,FORCE MOTORS: CO HAS RECEIVED AN ORDER FOR SUPPLY OF 2429 UNITS OF BSVI DIESEL AMBULANCE
1874371161649459691,2025-01-01T08:24:43.000Z,"MARUTI SUZUKI: DECEMBER TOTAL SALES 1,78,300 UNITS VS 1,37,551 UNITS (YOY); EST 1,71,600

STELLAR SHOW"
1874429560764404106,2025-01-01T12:16:47.000Z,SANDUR MANGANESE AND IRON ORES: CO HAS RECEIVED APPROVAL FOR ENHANCEMENT OF PERMISSIBLE ANNUAL PRODUCTION (PAP) LIMIT OF IRON ORE FROM THE PRESENT 3.81 MILLION TONNES PER ANNUM (MTPA) TO 4.36 MTPA
1874425750163697872,2025-01-01T12:01:38.000Z,NMDC: TOTAL DECEMBER 2024 PRODUCTION 4.71 MT VS 4.48 MT (YOY) || TOTAL DECEMBER 2024 SALES 3.91 MT VS 4.19 MT (YOY)
1874835356283289912,2025-01-02T15:09:16.000Z,"#Q3BusinessUpdate | #MOIL

Production Of Manganese Ore At 4.6 Lakh Tonnes

Sales Up 13% YoY At 3.88 Lakh Tonnes"
1874778372473245929,2025-01-02T11:22:50.000Z,"#Explained | #America's complicated #relationship with #guns
@knvanand"
1874852675323670609,2025-01-02T16:18:05.000Z,Which countries have banned burqa and why?
1874818403996975145,2025-01-02T14:01:54.000Z,"#TradeSetup for January 3: Will short-covering take #Nifty back to recent highs of 24,800?
@senmeghna"
1874839173884256690,2025-01-02T15:24:26.000Z,"#Wockhardt's new oral antibiotic gets #CDSCO approval
@jpullokaran"
1874787743215313334,2025-01-02T12:00:04.000Z,"Financial sector and market experts consult FM #Sitharaman in pre-Budget meeting
@sheersh0510"
1874814893809156565,2025-01-02T13:47:57.000Z,#USEconomicData | U.S. Initial Jobless Claims For The Week Ended December 28 At 2.11 Lk Vs 2.19 Lk In The Previous Week
1874816440697803213,2025-01-02T13:54:06.000Z,"#Wockhardt | Central Drugs Standard Control Organization (#CDSCO)  approves company’s new generation oral antibiotic #Miqnaf

- Alert: Miqnaf is used in treatment of community-acquired bacterial pneumonia (CABP)"
1874821297806746066,2025-01-02T14:13:24.000Z,"#NewsFlash | NBFCs present wishlist to FM ahead of Union Budget via Industry Body Finance Industry Development Council (FIDC)

- NBFCs Budget 2025 Wishlist: Refinance window for on-lending to MSME & priority sector

- Propose SIDBI provide refinance to industry, with special fund"
1874852574169608495,2025-01-02T16:17:41.000Z,"#StocksToWatch on January 3: Varun Beverages, NHPC, Hindustan Zinc, Wockhardt and more
@jpullokaran"
1874792408279621807,2025-01-02T12:18:36.000Z,"#PennyStocks: These companies have negligible #revenues, but gave over 1000% #returns in 2024
@yoosefkp"
1874837283775615358,2025-01-02T15:16:55.000Z,"#DecemberAutoSales | #HeroMotoCorp

Total Sales Down 17.5% At 3.24 Lk Units Vs 3.93 Lk Units (YoY)

Total Domestic Sales Down 22.2% At 2.94 Lk Units Vs 3.78 Lk Units (YoY)

Exports Up 91% At 30,754 Units Vs 16,110 Units (YoY)"
1874777543339069621,2025-01-02T11:19:32.000Z,"Fire, engineering insurance premiums may rise by up to 60% in 2025: Key factors
@anshul91_m"
1874851506115187045,2025-01-02T16:13:26.000Z,#JustIn | Trading Instructions From Ketan Parekh Allegedly Based On: Non-published Information Of Substantial Impending Transaction Of Big Clients
1874773714962952544,2025-01-02T11:04:19.000Z,"COMING UP AT 5 PM |  At least 15 people are killed after a truck ploughed through a crowd of New Year revellers in New Orleans. FBI is probing terror links in the case. In another incident, #Tesla #cybertruck exploded outside the Trump International Hotel In #LasVegas."
1874852003245142138,2025-01-02T16:15:25.000Z,#JustIn | #SEBI’s investigation revealed that #NPI relating to impending orders of big client was passed from Rohit Salgaocar to Ketan Parekh
1874827415895384497,2025-01-02T14:37:43.000Z,"#KetanParekh back in #SEBI’s bad books, show cause notice alleges ₹65.77 cr front running scam
@sheersh0510"
1874775579708530924,2025-01-02T11:11:44.000Z,"#NewsFlash | Defence Minister 
@rajnathsingh
 urges 
@DRDO_India
  to complete 100 new critical projects by end of 2025"
1874796746926395538,2025-01-02T12:35:51.000Z,"#Biocon | Arm Biocon Pharma Gets Approval For Tacrolimus capsule From National Medical Products Administration (#NMPA), #China

Alert: Tacrolimus is an immunosuppressant used in the treatment of organ transplant patients, which reduces the body’s ability to reject a"
1874846126186332547,2025-01-02T15:52:04.000Z,"#Biocon arm Biocon Pharma receives approval for Tacrolimus capsules in #China
@jpullokaran"
1874847121553379789,2025-01-02T15:56:01.000Z,"#NHPC gets ₹250 crore payment under Mega Insurance Policy for Teesta-V power station loss
@jpullokaran"
1874843434814775319,2025-01-02T15:41:22.000Z,#JustIn | Indian Railway Finance Corporation Limited (#IRFC) has signed MoU With #REMCL to collaborate on financing Renewable Energy (#RE) projects
1874850631363793209,2025-01-02T16:09:58.000Z,"#JustIn | Period Of Investigation: January 2021 To June 2023

SEBI’s Allegation include traditional front running & use of complex trading strategies to take advantage of prior knowledge of impending trade"
1874775153730883786,2025-01-02T11:10:02.000Z,"#MarutiSuzuki shares are up 10% in the last three sessions; Is there scope for more upside?
@hormaz_fatakia"
1874829863724691924,2025-01-02T14:47:26.000Z,Akash Ambani commits to developing advanced #AIInfrastructure in #Jamnagar
1874840836212675038,2025-01-02T15:31:02.000Z,"#Karnataka hikes bus fares by 15%, effective January 5
@aspiringmind_"
1874823388230987986,2025-01-02T14:21:42.000Z,"'#Cowardly': PM #Modi condemns deadly #NewOrleans truck attack that killed 15

#neworleansattack #NewOrleansTragedy #NewOrleansHorror"
1874786182841950410,2025-01-02T11:53:52.000Z,"#NewsFlash | Commerce Minister Piyush Goyal to meet EV OEM’s on January 3, 2024, to discuss ways to increase spread of EV charging infrastructure in the country, sources to 
@abhhimanyus"
1874805253113327730,2025-01-02T13:09:39.000Z,"#FundFlow | #FIIs Net Buy ₹1,506.75 crore & #DIIs net buy ₹22.14 crore in equities today (provisional)"
1874770357506465932,2025-01-02T10:50:59.000Z,#Divi's Labs begins commercial operations at unit-III #Greenfield project in Andhra Pradesh
1874831855062778289,2025-01-02T14:55:21.000Z,"#XiaomiIndia appoints Sandeep Singh Arora as Chief Business Officer
@PihuYadav05"
1874817933236699349,2025-01-02T14:00:02.000Z,What are the eligibility criteria for the #PMKisanYojana?
1874801989449888118,2025-01-02T12:56:41.000Z,"#Q3BusinessUpdate | #V2Retail

#Q3FY25 Standalone Revenue Up 58% At ₹591 Cr Vs ₹373.8 Cr (YoY)

#Q3FY25 Same Store Sales Growth At 25% YoY

Total Number Of Stores As Of December 31, 2024, Stands At 160"
1874785620406714452,2025-01-02T11:51:38.000Z,"#Q3BusinessUpdate | #AvenueSupermarts

Q3FY25 Standalone Revenue At ₹15,565.23 Cr Vs ₹ 13,247.33 Cr (YoY)

Total Number Of Stores As Of December 31,2024, Stood At 387"
1874794884311449877,2025-01-02T12:28:27.000Z,"Need an #ambulance in 10 minutes? #Blinkit’s service debuts in #Gurugram
@sheersh0510"
1874775031726866599,2025-01-02T11:09:33.000Z,"#JustIn | Varun Beverages invests ₹413 crore in arm The Beverage Company Proprietary, South Africa"
1874805688926691507,2025-01-02T13:11:23.000Z,#JustIn | #Pricol board approves #divestment of wiping business division of the company to Auto Ignition on a slump sale basis
1874791146460987808,2025-01-02T12:13:35.000Z,"#JustIn | Arun Krishnamurthi resigns as MD & CEO of Axiscades Technologies w.e.f. January 2, 2025"
1874849586814369802,2025-01-02T16:05:49.000Z,"#JustIn | #SEBI passes interim order against Rohit Salgaocar, #KetanParekh & certain Kolkata-based entities in the matter of insider trading

Ketan Parekh, #RohitSalgaocar & #AshokPoddar restrained from dealing in #securities"
1874811304546116035,2025-01-02T13:33:41.000Z,"#Q3BusinessUpdate  | Bank Of Maharashtra
Total Business Up 16.9% YoY At ₹5.08 Lk Cr Vs ₹4.34 Lk Cr

Gross Advances Up 21.2% YoY At ₹2.29 Lk Cr Vs ₹1.89 Lk Cr

Total Deposits Up 13.5% YoY At ₹2.79 LK Cr Vs ₹2.46 Lk Cr"
1874844422254538866,2025-01-02T15:45:17.000Z,"#BankOfMaharashtra Q3 business update: Gross advances surge 21.2% on-year
@sheersh0510"
1874812305655156856,2025-01-02T13:37:40.000Z,"#AvenueSupermarts reports 17.5% growth in #Q3 revenue
@jpullokaran"
1874800892744188368,2025-01-02T12:52:19.000Z,"#JustIn | 
@nhpcltd
 gets payment of₹250 crore under mega insurance policy for loss caused by flash flood at Teesta-V Power Station (510 MW) on October 4, 2023"
1874779441270075584,2025-01-02T11:27:05.000Z,"COMING UP AT 5:15 PM | JSW MG Motor India recorded it's best ever Dec with a growth of 55% with EVs leading the charge. 
@Parikshitl
 speaks to 
@rajeev_chaba
, CEO Emeritus, #JSWMGMotorIndia on the company's strong performance & plans to scale up ahead
#EV #ElectricVehicles #Auto"
1874825231459909986,2025-01-02T14:29:02.000Z,"#NBFC industry's wishlist for #UnionBudget 2025: #FIDC calls for policy support to boost growth
@_ritusingh"
1874842125327810581,2025-01-02T15:36:10.000Z,"#NewOrleansAttack | 'Pressure on #Trump to boost #counterterrorism measures'
@Parikshitl"
1874797375564496977,2025-01-02T12:38:21.000Z,"#Mumbai real estate market sees highest property registrations in 13 years, says report
@TimsyJaipuria
 #RealEstate"
1874781322050498957,2025-01-02T11:34:33.000Z,"#CyberFraud called 'pig butchering scam' targeting unemployed youths, housewives, students: #MHA report"
1874821547170652463,2025-01-02T14:14:24.000Z,"#NewsFlash | Harmonization of Factoring Regulation Act, 2021, to eliminate dual registration requirements for NBFCs engaging in factoring"
1874799449056407717,2025-01-02T12:46:35.000Z,"A weaker #rupee is not necessarily a bad thing
@latha_venkatesh"
1874829511562567733,2025-01-02T14:46:02.000Z,"#NewsAlert | New Orleans attack suspect inspired by ISIS, says President Biden. Texas man killed in police shootout; possible link to Tesla explosion outside Trump Hotel in Vegas under probe 

Srinjoy Chowdhury reports! 
@srinjoyc1
 

#neworleansattack"
1874787888866726178,2025-01-02T12:00:39.000Z,"Shillong Lottery Result Today, Jan 2, 2025: Thursday's winning numbers! - Check online"
1874785184228552757,2025-01-02T11:49:54.000Z,"#NewsFatafat | In a significant development, multiple reports suggest that Rohit Sharma has opted out of the SCG Test, paving the way for Jasprit Bumrah to lead the team

Shubhman Gill is expected to step in as India gears up for the decisive final match of the Border-Gavaskar"
1874824081834758301,2025-01-02T14:24:28.000Z,Blinkit Ambulance: 10-min service! Zomato-owned company's latest launch in THIS city - Price?
1874823936732717091,2025-01-02T14:23:53.000Z,"#NewsAlert | SEBI passes interim order against 22 entities including Rohit Salgaocar, Ketan Parekh

#SEBI"
1874818243346702451,2025-01-02T14:01:16.000Z,"#GLOBALNEWS | US jobless claims at 2.11 lk in Dec 28 week vs est of 221k (Agencies) 

#JoblessClaims"
1874821203917246930,2025-01-02T14:13:02.000Z,'Best year for brokerage industry...' - Why Zerodha's Nithin Kamath feels the best is behind us
1874862202068545808,2025-01-02T16:55:56.000Z,"#NewsAlert | ""Extremely humbled and honored..."" shares World Champion D Gukesh after being shortlisted for the prestigious Khel Ratna Award."
1874858525463396408,2025-01-02T16:41:20.000Z,"#NewsAlert | The Sports Ministry has officially announced the list of Khel Ratna Awardees, putting an end to controversies 

This year's honorees include Manu Bhakar, D Mukesh, Harmanpreet Singh, and Praveen Kumar 

The highest sporting honor recognizes their outstanding"
1874817926622216596,2025-01-02T14:00:00.000Z,"#Watch | BigBasket enters the fast lane with quick medicine delivery  
@palodanjali
 shares more on this as per #sources 

#BigBasket #MedicineDelivery"
1874815843999322439,2025-01-02T13:51:44.000Z,"#NewsFatafat | In a significant development, multiple reports suggest that Rohit Sharma has opted out of the SCG Test, paving the way for Jasprit Bumrah to lead the team 

Shubhman Gill is expected to step in as India gears up for the decisive final match of the Border-Gavaskar"
1874788468783743224,2025-01-02T12:02:57.000Z,#NewsAlert | Avenue Supermarts Q3 updates 
1874779974135390649,2025-01-02T11:29:12.000Z,"#Exclusive | SEBI AO Order On Thursday

SEBI drops adjudication proceedings against ZEEL, Subhash Chandra, and Punit Goenka. #Sources inform 
@ankurmishrasays
 #SEBI #ZeeEnt #PunitGoenka #SubhashChandra"
1874818398976369116,2025-01-02T14:01:53.000Z,"#Watch | #Blinkit launches ambulance services in Gurugram today, with plans to expand nationwide in the next 2 years!  
@AASTHACHOPRA13
  has all the key details. 
@letsblinkit
 #AmbulanceService"
1874811523811709194,2025-01-02T13:34:34.000Z,"Times Network, in collaboration with IBM and Microsoft, proudly celebrated the pioneer driving the future of technology in 2025 as a Technology Leader of the Year

These remarkable minds are redefining innovation, setting new standards, and shaping the world of AI."
1874821019271356895,2025-01-02T14:12:18.000Z,"Budget Exclusive | ""The focus of my comments was on increasing inclusion in the capital markets,"" says 
@iRadhikaGupta
 after the pre-budget meet
@priyadarshi108
  #CapitalMarkets #FinancialInclusion #PreBudgetMeet"
1874814404384129477,2025-01-02T13:46:01.000Z,One Mobikwik Q2 results FY2024-25 Date: First quarterly earnings of fintech post IPO - Check schedule
1874779536040268252,2025-01-02T11:27:27.000Z,"COMING UP @ 5 PM | The Money Show

Tune in to ET NOW to learn strategies to adopt for high-risk investments with Mrin Agarwal of FinSafe India!
@SnehiShah11
 | 
@FinsafeIndia"
1874821149642932589,2025-01-02T14:12:49.000Z,SSC CAPF Constable GD exam dates 2025 out at http://ssc.gov.in; Check schedule
1874818773309657286,2025-01-02T14:03:22.000Z,"#NewsFatafat | Blinkit launches 10-minute ambulance service; CEO Albinder Dhindsa announces on X 

Initial rollout with five ambulances in Gurugram, aiming for nationwide expansion in two years

Blinkit app now offers a “Basic Life Support” ambulance booking option"
1874799059904631284,2025-01-02T12:45:02.000Z,NSO Results 2024-25: SOF Olympiad NSO Results 2024-25 OUT at http://results.sofworld.org; Direct link to download scorecard PDF
1874785166549463460,2025-01-02T11:49:50.000Z,Jai Corp: Shares crack 20% land parcel sale update – What's the Reliance Industries’ connection?
1874771623301251522,2025-01-02T10:56:01.000Z,IOC Q3 results FY25 date and time: PSU Indian Oil's quarterly earnings schedule out - Details
1874865162160906382,2025-01-02T17:07:42.000Z,"The Money Show | Navigating Market Volatility

Discover strategies for high-risk investments, smart asset allocation tips, and mastering long-term market challenges with financial educator and Finsafe founder, Mrin Agarwal
@SnehiShah11
 | 
@FinsafeIndia"
1874825845656981560,2025-01-02T14:31:28.000Z,"Budget 2025 expectations from agri sector: From loan packages to insurance scheme, what Annadata want?"
1874807422705094705,2025-01-02T13:18:16.000Z,"Startup Central | Latest startup headlines of the hour 

BMW, Yamaha Motor back Phoenix Tailings
Apple offers discounts in China as competition intensifies
Malaysia grants WeChat, TikTok licenses to operate
Bhuvnesh Kumar assumes charge as CEO of UIDAI
Xiaomi India"
1874782603083211022,2025-01-02T11:39:39.000Z,"#Exclusive | SEBI has not rolled back charges against Zee Ent, Punit Goenka, Subhash Chandra. #Sources inform 
@ankurmishrasays
 #SEBI #ZeeEnt #PunitGoenka #SubhashChandra"
1874772087682040063,2025-01-02T10:57:51.000Z,"#Exclusive | SEBI AO order in Zee matter is more procedural in nature, as another investigation is underway. #Sources inform 
@ankurmishrasays
 #SEBI #ZeeEnt #PunitGoenka #SubhashChandra"
1874864492808712324,2025-01-02T17:05:03.000Z,"The Money Show | Expert answers for your investment queries

Abhijit Chokshi of http://Stockifi.in shares the best solutions for your mutual fund portfolios
@SnehiShah11
  @stockifi_Invest"
1874863161498833059,2025-01-02T16:59:45.000Z,"#NewsAlert | SEBI uncovers a front-running scheme involving Ketan Parekh and Rohit Salgaocar. The regulator issues an interim order against 22 entities
@ankurmishrasays
 brings you the latest updates"
1874848126684832207,2025-01-02T16:00:01.000Z,"UGC NET Exam 2024 begins tomorrow; Check reporting time, essential and restricted items list"
1874807500597612576,2025-01-02T13:18:35.000Z,RailTel share price: PSU stock jumps 7% in 1 day; bags Rs 78.43 crore order
1874806625078579370,2025-01-02T13:15:06.000Z,"Budget Exclusive | Raman Aggarwal, Director of FIDC, shares key recommendations: diversify funding sources, establish a refinancing mechanism with SIDBI & NABARD, and reduce minimum ticket sizes for NBFCs

He also highlights concerns over higher lending costs and advocates for"
1874841739825135874,2025-01-02T15:34:38.000Z,"Business @ 9 | Dive into the world of business and stay updated on the key highlights of the day

Tune in to the show at 9 PM- https://etnownews.com/live-tv
@VikramOza"
1874831567732031865,2025-01-02T14:54:13.000Z,"Budget Exclusive | From treating FD interest separately from Income Tax to simplify KYC norms for NRIs 
@priyadarshi108
 has all the recommendations from the pre-budget meet. Listen In!"
1874787815915147327,2025-01-02T12:00:21.000Z,"COMING UP @ 6 PM | Startup Central 

#PiyushGoyal’s meet with EV cos, UPI transaction surge and Ola Electric’s sales dip. Don’t miss out!

Also, Yashish Dahiya of #PBFintech outlines co's growth strategy. Stay Tuned! 
@yashishdahiya
 @policybazaar
 @nikunjdalmia
  @SumitaKareer"
1874771723285041545,2025-01-02T10:56:25.000Z,ITC Hotels share price listing after demerger record date - Check expectation
1874815466566570162,2025-01-02T13:50:14.000Z,"#NewsAlert | Blinkit Ambulance Services: Blinkit app to offer option to book a “Basic Life Support” ambulance
@letsblinkit"
1874807301535871297,2025-01-02T13:17:47.000Z,Reliance Naval and Engineering: Name changed! Swan Energy shares update on acquisition
1874779522689847658,2025-01-02T11:27:24.000Z,"COMIG UP @ 5 PM | The Money Show

Tune in to ET NOW for expert tips on optimizing your #mutualfund portfolio with Abhijit Chokshi of http://Stockifi.in
@SnehiShah11
 | 
@stockifi_Invest"
1874848228719640716,2025-01-02T16:00:25.000Z,Zerodha's Nikhil Kamath's long-term business advice: 'Take inspiration from...look what kids are doing...'
1874830508993192434,2025-01-02T14:50:00.000Z,"SSC announces MTS Result 2024 at http://ssc.gov.in? Scorecard download link, login credentials"
1874812235689910519,2025-01-02T13:37:23.000Z,Reliance Jio Chairman Akash Ambani's new plan for Jamnagar - '...will place it amongst top rank...'
1874789083937132948,2025-01-02T12:05:24.000Z,"SEBI drops show cause notices against ZEEL, Subhash Chandra, Punit Goenka; investigation underway – Details"
1874795725726626040,2025-01-02T12:31:47.000Z,#MarketAlert | Check the #fundflow activity for 2nd Jan
1874828987761086623,2025-01-02T14:43:57.000Z,5x in 5 years: Maha CM Devendra Fadnavis' prediction for BSE 500 multibagger stock!
1874783298922426778,2025-01-02T11:42:24.000Z,Former CJI UU Lalit dubs idea of caste census as 'brilliant' | VIDEO
1874772028768887074,2025-01-02T10:57:37.000Z,"Dil jeet liya! Diljit Dosanjh’s extraordinary success story - How a bus driver’s son is now ruling hearts globally

: 
@eshita_bhargava
 
#DiljitDosanjh #PMModi #DiljitMeetsPMModi 
@diljitdosanjh
 @PMOIndia
 @narendramodi
 @narendramodi_in"
1874825048403702119,2025-01-02T14:28:18.000Z,"Coming Up | India Tonight - a show curated to bring you the stories that matter! 

Check out what’s lined up for today
https://etnownews.com/live-tv
@VikramOza
 @SumitaKareer"
1874850911857844626,2025-01-02T16:11:05.000Z,"#ETNOWExclusive | Commerce Minister Piyush Goyal to meet #EV players tomorrow; focus on boosting EV charging infrastructure. 
@joinsumit
 brings you the details!"
